species_orig,species,lifestage,movement_type,location_habitat,parameter,movement_area_km2,linear_dist_orig,linear_dist_km,linear_dist_calc,Source
Acanthurus blochii,Acanthurus blochii,,home range (spawning),Palau (outer barrier reef slope) NA,Maximum NA,NA,>1.5,1.5,,Colin (2012)
Acanthurus blochii,Acanthurus blochii,,home range,"Kealakekua Bay, Hawai'i (fringing reef slope) PAT",Maximum 7,NA,<0.5 MFF,0.5,MFF,Meyer et al. (2010a)
Acanthurus chirugus,Acanthurus chirugus,,home range,"Martinique, West Indies (coral reef) AAT, TMR",Range (KUD95) 2,0.0279855,,0.188765053,,Garcia et al. (2011)
Acanthurus chirugus,Acanthurus chirugus,,home range,"Martinique, West Indies (coral reef) AAT, TMR",Mean (SD) (KUD95) 2,0.027986,0.0.060 Circle,0.06,Circle,Garcia et al. (2011)
Acanthurus lineatus,Acanthurus lineatus,,home range (including spawning),American Samoa (reef crest) UO,Maximum NA,NA,0.1,0.1,,Craig (1996)
Acanthurus lineatus,Acanthurus lineatus,,home range (including nightime resting and spawning sites),American Samoa (reef crest) UO,Maximum NA,NA,0.4 Actual,0.4, Actual,Craig et al. (1997)
Acanthurus nigrofuscus,Acanthurus nigrofuscus,,home range (spawning),Palau (outer barrier reef slope) NA,Maximum NA,NA,0.1-0.2,0.15,,Colin (2012)
Acanthurus nigrofuscus,Acanthurus nigrofuscus,,"home range (nocturnal shelters, feeding and spawning sites)","Gulf of Aqaba, Red Sea (fringing and patch reefs) TMR, UO","Maximum 68, 1000s",NA,1.5,1.5,,Mazeroll & Montgomery (1995)
Ctenochaetus striatus,Ctenochaetus striatus,,home range (feeding),"Kimbe Bay, Papua New Guinea (steep%hyphen%walled platform reefs) TMR",Maximum 406,NA,0.013,0.013,,Claydon et al.(2012)
Ctenochaetus striatus,Ctenochaetus striatus,,home range (spawning),"Kimbe Bay, Papua New Guinea (steep%hyphen%walled platform reefs) TMR",Range 97,NA,0.002-0.291,0.1465,,Claydon et al.(2012)
Ctenochaetus striatus,Ctenochaetus striatus,,home range (spawning),"Kimbe Bay, Papua New Guinea (steep%hyphen%walled platform reefs) TMR",Mean 97,NA,0.058,0.058,,Claydon et al.(2012)
Ctenochaetus striatus,Ctenochaetus striatus,,home range (spawning),Palau (outer barrier reef slope) NA,Maximum NA,NA,0.1-0.2,0.15,,Colin (2012)
Ctenochaetus striatus,Ctenochaetus striatus,,home range,"South Sinai, Red Sea (patch reefs) UO",Range 11,0.000011,0.003-0.005 Square,0.004,Square,Krone et al. (2008)
Ctenochaetus striatus,Ctenochaetus striatus,,home range,"South Sinai, Red Sea (patch reefs) UO",Mean (SD) 11,0.000012,0.004 Square,0.004,Square,Krone et al. (2008)
Naso hexacanthus,Naso hexacanthus,,home range,"Kealakekua Bay, Hawai'i (fringing reef slope) PAT",Maximum 5,NA,3.8 MFF,3.8,MFF,Meyer et al. (2010a)
Naso lituratus,Naso lituratus,,home range,"Kealakekua Bay, Hawai'i (fringing reef slope) PAT",Most (75%) 4,NA,<2.1 MFF,2.1,MFF,Meyer et al. (2010a)
Naso  lituratus,Naso  lituratus,,home range,"Guam (shallow reef flat to deeper outer reef slope) PAT, AAT",Mean (SD)  (KUD95) 8,0.0683,,0.294893643,,Marshell et al. (2011)
Naso  lituratus,Naso  lituratus,,home range,"Guam (shallow reef flat to deeper outer reef slope) PAT, AAT",Range 8,NA,0.123-0.474 Actual,0.2985, Actual,Marshell et al. (2011)
Naso  unicornis,Naso  unicornis,,home range,"Guam (shallow reef flat to deeper outer reef slope) PAT, AAT ",Mean (SD) (KUD95) 7,0.0321,,0.202165747,,Marshell et al. (2011)
Naso  unicornis,Naso  unicornis,,home range,"Guam (shallow reef flat to deeper outer reef slope) PAT, AAT ",Range 7,NA,0.024-0.475 Actual,0.2495, Actual,Marshell et al. (2011)
Naso  unicornis,Naso  unicornis,,"home range (diel, crepuscular migrations) ","Oahu, Hawai'i (reef crest, back reef channels) AAT, PAT ",Range (KUD95) 5,0.004233,,0.073414052,,Meyer & Holland (2005)
Naso  unicornis,Naso  unicornis,,"home range (diel, crepuscular migrations) ","Oahu, Hawai'i (reef crest, back reef channels) AAT, PAT ",Mean (SD) (KUD95) 5,0.003712,,0.068747838,,Meyer & Holland (2005)
Naso  unicornis,Naso  unicornis,,"home range (diel, crepuscular migrations) ","Oahu, Hawai'i (reef crest, back reef channels) AAT, PAT ",Range (MCP) 5,NA,0.02-0.29 MFF ,0.155,MFF,Meyer & Holland (2005)
Naso  unicornis,Naso  unicornis,,"home range (diel, crepuscular migrations) ","Oahu, Hawai'i (reef crest, back reef channels) AAT, PAT ",Mean (SD) (MCP) 5,NA,0.15 (0.129) MFF ,0.15,MFF,Meyer & Holland (2005)
Naso  unicornis,Naso  unicornis,,home range,"Rodrigues, Western Indian Ocean (shallow lagoon, crest and forereef slope) AAT",Range (MCP) 7,0.1375,0.26-1.08 MFF,0.67,MFF,Hardman et al. (2010)
Naso  unicornis,Naso  unicornis,,home range,"Rodrigues, Western Indian Ocean (shallow lagoon, crest and forereef slope) AAT",Mean (SD) (MCP) 7,0.076612,0.57 (0.36) MFF,0.57,MFF,Hardman et al. (2010)
Naso vlamingii,Naso vlamingii,,home range,"Apo Island, Philippines (reef crest to reef slope) UO",Range 30,NA,0.01-0.04,0.025,,Abesamis & Russ (2005)
Zebrasoma flavescens Adults,Zebrasoma flavescens ,adults,"home range (spawning, sheltering, crepuscular migrations)","Wawaloi, Hawai'i (shallow complex boulder habitat, edge of the reef flat) PAT, TMR",Maximum 300,NA,0.6,0.6,,Claisse et al. (2011)
Apogon doederlini,Apogon doederlini,,home range (resting sites),"One Tree Reef, Great Barrier Reef (lagoon) TMR",Maximum 199,NA,0.005,0.005,,Marnane (2000)
Cheilodipterus artus,Cheilodipterus artus,,home range (resting sites),"One Tree Reef, Great Barrier Reef (lagoon) TMR",Maximum 134,NA,0.005,0.005,,Marnane (2000)
Cheilodipterus quinquilineatus,Cheilodipterus quinquilineatus,,home range (resting sites),"One Tree Reef, Great Barrier Reef (lagoon) TMR",Maximum 213,NA,0.005,0.005,,Marnane (2000)
Carangoides fulvoguttatus,Carangoides fulvoguttatus,,home range,"Ningaloo Reef, Western Australia (coral reef) PAT",Range (KUD95) 10,17.3,<5.6,5.6,,Pillans et al. (2011)
Carangoides fulvoguttatus,Carangoides fulvoguttatus,,home range,"Ningaloo Reef, Western Australia (coral reef) PAT",Mean (SD) (KUD95) 10,14.7,,4.326271063,,Pillans et al. (2011)
Caranx ignobilis,Caranx ignobilis,,home range,Northwest Hawaiian Islands (high energy spur and groove outside barrier reef) PAT,Maximum 24,NA,<5,5,,Meyer et al. (2007a)
Caranx ignobilis,Caranx ignobilis,,home range,"Oahu, Hawai'i (patch reef, lagoon, mangroves, reef flats) AAT, TMR",Range (KUD95) 4,0.048,,0.247215489,,Wetherbee et al. (2004)
Caranx ignobilis,Caranx ignobilis,,home range,"Oahu, Hawai'i (patch reef, lagoon, mangroves, reef flats) AAT, TMR",Mean (KUD95) 4,0.0043,,0.07399277,,Wetherbee et al. (2004)
Caranx ignobilis,Caranx ignobilis,,home range,"Oahu, Hawai'i (patch reef, lagoon, mangroves, reef flats) AAT, TMR",Range 4,NA,1.4-3.9,2.65,,Wetherbee et al. (2004)
Caranx ignobilis,Caranx ignobilis,,home range,"Oahu, Hawai'i (patch reef, lagoon, mangroves, reef flats) AAT, TMR",Mean (SD) 4,NA,2.9 (1.14),2.9,,Wetherbee et al. (2004)
Caranx melampygus,Caranx melampygus,,home range (day/night),"Hawai'i (patch reef) AAT, TMR",Range 5,NA,3.2-6.2,4.7,,Holland et al. (1996)
Caranx melampygus,Caranx melampygus,,home range (day/night),"Hawai'i (patch reef) AAT, TMR",Mean (SD) 5,NA,4.6 (1.08),4.6,,Holland et al. (1996)
Caranx melampygus,Caranx melampygus,,home range (crepuscular),"Honokoau, Hawai'i (coral reef) PAT, TMR",Maximum 4/5,NA,1.1-2.8,1.95,,Meyer & Honebrink (2005)
Caranx sexfasciatus,Caranx sexfasciatus,,home range juveniles,"Apo Island, Philippines (coral reef) UO, SCD/AEO",Maximum NA,0.6,0.6-0.9,0.75,,Maypa (2012)
Caranx sexfasciatus,Caranx sexfasciatus,,home range adults,"Apo Island, Philippines (coral reef) UO, SCD/AEO",Maximum NA,0.77,1,1,,Maypa (2012)
Pseudocaranx dentex,Pseudocaranx dentex,,home range,"Faial Channel, Azores Islands (inshore and offshore reefs) AAT",Range (KUD95) 7,1.9,0.6-7.7,4.15,,Afonso et al. (2009)
Pseudocaranx dentex,Pseudocaranx dentex,,home range,"Faial Channel, Azores Islands (inshore and offshore reefs) AAT",Mean (SD) (KUD95) 7,1,2.2 (2.82),2.2,,Afonso et al. (2009)
Chaetodon auriga,Chaetodon auriga,,home range,"Hawai'i Island, Hawai'i (leeward reefs) UO",Maximum 2,0.12223,<0.394 Circle ,0.394,Circle,Hourigan (1987)
Chaetodon kleini,Chaetodon kleini,,home range,"Hawai'i Island, Hawai'i (leeward reefs) UO",Maximum 3,0.000459,<0.002 Circle ,0.002,Circle,Hourigan 1987)
Chaetodon plebius,Chaetodon plebius,,home range,"One Tree Reef, Great Barrier Reef (lagoon channel, patch reefs) TMR",Maximum 83,0.0002,0.016 Circle ,0.016,Circle,Fowler (1988)
Chaetodon multicinctus,Chaetodon multicinctus,,home range,"Hawai'i Island, Hawai'i (leeward reefs) UO",Maximum 44,0.000171,<0.015 Circle ,0.015,Circle,Hourigan (1987)
Chaetodon ornatissimus,Chaetodon ornatissimus,,home range,"Hawai'i Island, Hawai'i (leeward reefs) UO",Maximum 4,0.000108,<0.012 Circle ,0.012,Circle,Hourigan (1987)
Chaetodon quadrimaculatus,Chaetodon quadrimaculatus,,home range,"Hawai'i Island, Hawai'i (leeward reefs) UO",Maximum 24,0.000558,<0.027 Circle ,0.027,Circle,Hourigan (1987)
Chaetodon rainfordi,Chaetodon rainfordi,,home range,"One Tree Reef, Great Barrier Reef (lagoon channel, patch reefs) TMR",Maximum 144,0.0007,0.030 Circle,0.03,Circle,Fowler (1988)
Chelmon rostratus,Chelmon rostratus,,home range,"One Tree Reef, Great Barrier Reef (lagoon channel, patch reefs) TMR",Maximum 47,0.00046,0.024 Circle,0.024,Circle,Fowler (1988)
Chaetodon trifasciatus,Chaetodon trifasciatus,,home range,"Hawai'i Island, Hawai'i (leeward reefs) UO",Maximum 3,0.001207,<0.012 Circle ,0.012,Circle,Hourigan (1987)
Chaetodon unimaculatus,Chaetodon unimaculatus,,home range,"Hawai'i Island, Hawai'i (leeward reefs) UO",Maximum 4,0.001653,<0.046 Circle ,0.046,Circle,Hourigan (1987)
Cephalopholis cruentata,Cephalopholis cruentata,,home range,"St. Lucia, West Indies (fringing coral reef, sand and seagrass) AAT",Range (GSA)10,0.0026,0.04-0.1,0.07,,Popple & Hunte (2005)
Cephalopholis cruentata,Cephalopholis cruentata,,home range,"St. Lucia, West Indies (fringing coral reef, sand and seagrass) AAT",Mean (SD) (GSA) 10,0.0021,0.064 (0.021),0.064,,Popple & Hunte (2005)
Cephalopholis cyanostigma,Cephalopholis cyanostigma,,home range,"Lizard Island, Great Barrier Reef (reef slopes and backreef) TMR",Maximum 84,NA,<0.05,0.05,,Zeller et al. (2003)
Epinephelus fulvus,Epinephelus fulvus,,home range (day/night),"St. John, U.S. Virgin Islands (coral reef) AAT",Maximum 1,NA,~0.1,0.1,,Beets et al. (2003)
Epinehpelus guttatus,Epinehpelus guttatus,,home range (day/night),"St. John, U.S. Virgin Islands (coral reef) AAT",Range 5,NA,<0.1-~0.2,0.15,,Beets et al. (2003)
Epinephelus guttatus,Epinephelus guttatus,,home range,"Puerto Rico, Caribbean (patch reefs) TMR",Range 22,2.85,0.378-2.7 Circle,1.539,Circle,Shapiro et al. (1994)
Epinephelus guttatus,Epinephelus guttatus,,home range,"Puerto Rico, Caribbean (patch reefs) TMR",Median 22,0.86,1.046 Circle,1.046,Circle,Shapiro et al. (1994)
Epinephelus maculatus,Epinephelus maculatus,,home range (intra%hyphen%reef),New Caledonia (lagoon patch reefs and soft bottom) PAT,Most (57%) 7,NA,"0.6-2 MFF, MPM",1.3,"MFF, MPM",Chateau & Wantiez (2008b)
Epinephelus maculatus,Epinephelus maculatus,,home range (intra%hyphen% and inter%hyphen%reef),New Caledonia (lagoon patch reefs and soft bottom) PAT,Maximum 7,NA,At least 4,4,,Chateau & Wantiez (2008b)
Epinephelus maculatus,Epinephelus maculatus,,"inter%hyphen%reef (excursions, home range relocations)",New Caledonia (lagoon patch reefs and soft bottom) PAT,Some (43%) 7,NA,6-Jan,3.5,,Chateau & Wantiez (2008b)
Epinephelus multinotatus,Epinephelus multinotatus,,home range,"Ningaloo Reef, Western Australia (coral reef) PAT",Range (KUD95) 2,1.3,,1.286550197,,Pillans et al. (2011)
Epinephelus multinotatus,Epinephelus multinotatus,,home range,"Ningaloo Reef, Western Australia (coral reef) PAT",Mean (SD) (KUD95) 2,1.3,,1.286550197,,Pillans et al. (2011)
Epinephelus multinotatus,Epinephelus multinotatus,,home range,"Ningaloo Reef, Western Australia (coral reef) PAT",Range (KUD95) 3,NA,1.4-3.5 MFF,2.45,MFF,Pillans et al. (2011)
Epinephelus multinotatus,Epinephelus multinotatus,,home range,"Ningaloo Reef, Western Australia (coral reef) PAT",Mean (SD) (KUD95) 3,NA,2.1 (1.21) MFF,2.1,MFF,Pillans et al. (2011)
Epinephelus tauvina,Epinephelus tauvina,,home range,"Ningaloo Reef, Western Australia (coral reef) PAT",Range (KUD95) 2,1.61,1.6-1.9 MFF,1.75,MFF,Pillans et al. (2011)
Epinephelus tauvina,Epinephelus tauvina,,home range,"Ningaloo Reef, Western Australia (coral reef) PAT",Mean (SD) (KUD95) 2,1.61,1.8 (0.23) MFF,1.8,MFF,Pillans et al. (2011)
Mycteroperca microlepis,Mycteroperca microlepis,,home range,"Gulf of Mexico (offshore, sand%hyphen%hardbottom substrate) PAT",Range (KDE95) 5,0.003343,0.024-0.039,0.0315,,Biesinger et al. (2013)
Mycteroperca microlepis,Mycteroperca microlepis,,home range,"Gulf of Mexico (offshore, sand%hyphen%hardbottom substrate) PAT",Mean (SD) (KDE95) 5,0.003412,0.031 (0.005),0.031,,Biesinger et al. (2013)
Mycteroperca microlepis,Mycteroperca microlepis,,home range,"Gulf of Mexico, Suwannee Regional Reef System (offshore artificial reefs) AAT",Range (MCP) 14,0.13345,0.2-1.1,0.65,,Kiel (2004)
Mycteroperca microlepis,Mycteroperca microlepis,,home range,"Gulf of Mexico, Suwannee Regional Reef System (offshore artificial reefs) AAT",Mean (SD) (MCP) 14 ,0.0343,0.255 (0.283),0.255,,Kiel (2004)
Plectropomus areolatus,Plectropomus areolatus,,home range,"Pohnpei, Micronesia (outer slope, channel and lagoon) AAT ",Range  (KUD95) 6,6.002,,2.764413816,,Hutchinson & Rhodes (2010)
Plectropomus areolatus,Plectropomus areolatus,,home range,"Pohnpei, Micronesia (outer slope, channel and lagoon) AAT ",Mean (SD) (KUD95) 6,0.048,,0.247215489,,Hutchinson & Rhodes (2010)
Plectropomus areolatus,Plectropomus areolatus,,home range,"Pohnpei, Micronesia (outer slope, channel and lagoon) AAT ",Range 6,NA,0.21-0.96 MFF,0.585,MFF,Hutchinson & Rhodes (2010)
Plectropomus areolatus,Plectropomus areolatus,,home range,"Pohnpei, Micronesia (outer slope, channel and lagoon) AAT ",Mean (SD) 6,NA,0.54 (0.25) MFF,0.54,MFF,Hutchinson & Rhodes (2010)
Plectropomus leopardus,Plectropomus leopardus,,intra%hyphen%reef (home range),New Caledonia (lagoon patch reefs and soft bottom) PAT,Most (92%) 12,NA,"0.6-2 MFF, MPM",1.3,"MFF, MPM",Chateau & Wantiez (2008b)
Plectropomus leopardus,Plectropomus leopardus,,home range,"Ningaloo, Western Australia (coral reef ) PAT",Maximum (KUD95) 1,NA,1.4 MFF,1.4,MFF,Pillans et al. (2011)
Plectropomus leopardus,Plectropomus leopardus,,home range,"Great Barrier Reef (coral reef) TMR, UO",Range 59,NA,<0.01-7.5,3.755,,Samoilys (1997)
Plectropomus leopardus,Plectropomus leopardus,,home range,"Great Barrier Reef (coral reef) TMR, UO",Mean (SD) 59,NA,0.37 (1.33),0.37,,Samoilys (1997)
Plectropomus leopardus,Plectropomus leopardus,,home range,"Lizard Island, Great Barrier Reef (reef slopes and backreef) AAT",Range 39,NA,0-1.1,0.55,,Zeller (1997)
Plectropomus leopardus,Plectropomus leopardus,,home range,"Lizard Island, Great Barrier Reef (reef slopes and backreef) AAT",Mean (SD) 39,NA,0.192 (0.03),0.192,,Zeller (1997)
Plectropomus leopardus,Plectropomus leopardus,,home range,"Lizard Island, Great Barrier Reef (reef slopes and backreef) TMR",Maximum 116,NA,>0.1,0.1,,Zeller et al. (2003)
Serranus cabrilla,Serranus cabrilla,,home range,"Mallorca Island, Spain (seagrass, soft bottom, artificial reefs) PAT",Range (KUD95) 12,0.82,,1.021790794,,Alós et al. (2011)
Serranus cabrilla,Serranus cabrilla,,home range,"Mallorca Island, Spain (seagrass, soft bottom, artificial reefs) PAT",Mean (SD) (KUD95) 12,0.77,,0.990148701,,Alós et al. (2011)
Serranus cabrilla,Serranus cabrilla,,home range,"Mallorca Island, Spain (seagrass, soft bottom, artificial reefs) PAT",Range (KUD95) 6,NA,0.7-1.3 MFF,1,MFF,Alós et al. (2011)
Serranus cabrilla,Serranus cabrilla,,home range,"Mallorca Island, Spain (seagrass, soft bottom, artificial reefs) PAT",Mean (SD) (KUD95) 6,NA,1.0 (0.20) MFF,1,MFF,Alós et al. (2011)
Variola louti,Variola louti,,home range,"Ningaloo, Western Australia (coral reef ) PAT",Range (KUD95) 3,1.75,1.3-2.6 MFF,1.95,MFF,Pillans et al. (2011)
Variola louti,Variola louti,,home range,"Ningaloo, Western Australia (coral reef ) PAT",Mean (SD) (KUD95) 3,NA,2.1 (0.67) MFF,2.1,MFF,Pillans et al. (2011)
Asterropteryx semipunctatus,Asterropteryx semipunctatus,,home range,"Orpheus Island (inner reef flat, microatolls on sand) UO",Maximum 45,NA,0.002,0.002,,Hernaman (2003)
Istigobius goldmanni,Istigobius goldmanni,,home range,"Orpheus Island (inner reef flat, microatolls on sand) UO",Maximum 45,NA,0.004,0.004,,Hernaman (2003)
Amblygobius bynoensis,Amblygobius bynoensis,,home range,"Orpheus Island (inner reef flat, microatolls on sand) UO",Maximum 45,NA,0.006,0.006,,Hernaman (2003)
Amblygobius phalaena,Amblygobius phalaena,,home range,"Orpheus Island (inner reef flat, microatolls on sand) UO",Maximum 45,NA,0.005,0.005,,Hernaman (2003)
Valenciennea muralis,Valenciennea muralis,,home range,"Orpheus Island (inner reef flat, microatolls on sand) UO",Maximum 45,NA,0.006,0.006,,Hernaman (2003)
Haemulon flavolineatum Juveniles and small adults,Haemulon flavolineatum ,juveniles and small adults,home range (diurnal schooling sites to nocturnal foraging grounds),"Tobacco Cay, Belize (lagoon patch reefs, sand flats)TMR, UO",Range 10,NA,0-0.199,0.0995,,Burke (1995)
Haemulon flavolineatum Juveniles and small adults,Haemulon flavolineatum ,juveniles and small adults,home range (diurnal schooling sites to nocturnal foraging grounds),"Tobacco Cay, Belize (lagoon patch reefs, sand flats)TMR, UO",Mean 10,NA,0.088,0.088,,Burke (1995)
Haemulon flavolineatum,Haemulon flavolineatum,,home range (crepuscular feeding migrations),"St. Croix, U.S. Virgin Islands (patch reefs and seagrass) TMR",Range 100s,NA,0.1-0.3,0.2,,Ogden & Ehrlich (1977)
Haemulon plumieri,Haemulon plumieri,,home range (crepuscular feeding migrations),"St. Croix, U.S. Virgin Islands (patch reefs and seagrass) TMR",Range 100s,NA,0.1-0.3,0.2,,Ogden & Ehrlich (1977)
Haemulon plumieri,Haemulon plumieri,,home range (diurnal sites to nocturnal foraging grounds),Puerto Rico and Florida (coral reef) AAT,Range 5,NA,0.1-0.56,0.33,,Tulevech (1991) in Burke (1995)
Haemulon plumieri,Haemulon plumieri,,home range (diurnal sites to nocturnal foraging grounds),Puerto Rico and Florida (coral reef) AAT,Mean 5,NA,0.303,0.303,,Tulevech (1991) in Burke (1995)
Haemulon plumieri,Haemulon plumieri,,"home range (dusk/dawn movement, foraging)",Puerto Rico and Florida (inshore and patch reefs) AAT,Range 5,NA,0.1-0.56,0.33,,Tulevech & Recksiek (1994)
Haemulon plumieri,Haemulon plumieri,,home range (among reefs),Puerto Rico and Florida (inshore and patch reefs) AAT,Maximum 1,NA,1,1,,Tulevech & Recksiek (1994)
Haemulon sciurus,Haemulon sciurus,,home range (diurnal shelter sites to nocturnal feeding areas),"St. John, U.S. Virgin Islands (boulder/reef zones adjacent to seagrass beds) AAT",Range 11,NA,<0.02-0.767,0.3935,,Beets et al. (2003)
Haemulon sciurus,Haemulon sciurus,,home range (diurnal shelter sites to nocturnal feeding areas),"St. John, U.S. Virgin Islands (boulder/reef zones adjacent to seagrass beds) AAT",Mean (SD) 11,NA,0.279 (0.228),0.279,,Beets et al. (2003)
Haemulon sciurus Juveniles and small adults,Haemulon sciurus ,juveniles and small adults,home range (diurnal schooling sites to nocturnal foraging grounds),"Tobacco Cay, Belize (lagoon patch reefs, seagrass beds)TMR, UO",Range 10,NA,0-0.199,0.0995,,Burke (1995)
Haemulon sciurus Juveniles and small adults,Haemulon sciurus ,juveniles and small adults,home range (diurnal schooling sites to nocturnal foraging grounds),"Tobacco Cay, Belize (lagoon patch reefs, seagrass beds)TMR, UO",Mean 10,NA,0.088,0.088,,Burke (1995)
Kyphosus sectatrix,Kyphosus sectatrix,,home range,"St Lucia, West Indies (coral reef) AAT",Range (MCP) 11,0.0331945,0.16-1.26,0.71,,Eristhee & Oxenford (2001)
Kyphosus sectatrix,Kyphosus sectatrix,,home range,"St Lucia, West Indies (coral reef) AAT",Mean (SD) (MCP) 11,0.034423,0.547  (0.400),0.547,,Eristhee & Oxenford (2001)
Kyphosus sydneyanus,Kyphosus sydneyanus,,home range,"Ningaloo Reef, Western Australia (coral reefs) PAT",Range (KUD95) 41,12.45,<5,5,,Pillans et al. (2011)
Kyphosus sydneyanus,Kyphosus sydneyanus,,home range,"Ningaloo Reef, Western Australia (coral reefs) PAT",Mean (SD) (KUD95)41,10.7,,3.691024672,,Pillans et al. (2011)
Cheilinus undulatus,Cheilinus undulatus,,home range (daily),"New Caledonia (coral reef, lagoon) PAT",Minimum 1 ,0.05,0.25,0.25,,Chateau & Wantiez (2007)
Cheilinus undulatus,Cheilinus undulatus,,home range (spawning),"Palau, Micronesia (outer barrier reef) E",Maximum NA,NA,>2-3,2.5,,Colin (2010)
Cheilinus undulatus,Cheilinus undulatus,,home range (spawning),"Palau, Micronesia (outer barrier reef) E",Maximum NA,NA,10-May,7.5,,Colin (2012)
Coris aygula,Coris aygula,,home range,"Ningaloo Reef, Western Australia (coral reef) PAT",Range (KUD95) 41,10.35,<3.5,3.5,,Pillans et al. (2011)
Coris aygula,Coris aygula,,home range,"Ningaloo Reef, Western Australia (coral reef) PAT",Mean (SD) (KUD95) 41,9.6,,3.496154978,,Pillans et al. (2011)
Lethrinus nebulosus,Lethrinus nebulosus,,home range (daytime resting areas),New Caledonia (lagoon patch reefs and soft bottom) PAT ,Minimum 3,0.5,0.707 Square,0.707,Square,Chateau & Wantiez (2008a)
Lethrinus nebulosus,Lethrinus nebulosus,,home range (movement to nightime feeding areas),New Caledonia (lagoon patch reefs and soft bottom) PAT ,Minimum 3,0.5,>0.707 Square,0.707,Square,Chateau & Wantiez (2008a)
Lethrinus nebulosus,Lethrinus nebulosus,,home range,"Ningaloo Reef, Western Australia (coral reef) PAT",Range (KUD95) 41,14.35,2.5-3.5,3,,Pillans et al. (2011)
Lethrinus nebulosus,Lethrinus nebulosus,,home range,"Ningaloo Reef, Western Australia (coral reef) PAT",Mean (SD) (KUD95) 41,9.2,,3.422543471,,Pillans et al. (2011)
Aprion virescens,Aprion virescens,,"home range (diel, tidal)",Northwest Hawaiian Islands (high energy spur and groove outside barrier reef) PAT,Maximum 27,NA,12,12,,Meyer et al. (2007b)
Lutjanus apodus,Lutjanus apodus,,home range (daytime),"Caribbean, Spanish Water Bay, Curacao, Netherland Antilles (mangroves, rocky shoreline, seagrass, coral reef) TMR, UO",Range 52,NA,0.006-0.325,0.1655,,Verweij et al. (2007)
Lutjanus apodus,Lutjanus apodus,,home range (daytime),"Caribbean, Spanish Water Bay, Curacao, Netherland Antilles (mangroves, rocky shoreline, seagrass, coral reef) TMR, UO",Medians 52,NA,0.029-0.217,0.123,,Verweij et al. (2007)
Lutjanus campechanus,Lutjanus campechanus,,home range,"Alabama, Gulf of Mexico (artificial reef) AAT",Range 19,NA,~0-0.76,0.38,,Szedlmayer (1997)
Lutjanus campechanus,Lutjanus campechanus,,home range,"Alabama, Gulf of Mexico (artificial reef) AAT",Mean (SD) 19,NA,0.146 (0.270),0.146,,Szedlmayer (1997)
Lutjanus carponotatus,Lutjanus carponotatus,,home range,"Lizard Island, Great Barrier Reef (reef slopes and backreef) TMR",Maximum 55,NA,>0.05,0.05,,Zeller et al. (2003)
Lutjanus griseus,Lutjanus griseus,,home range (daily movements among mangroves and seagrasses),"Biscayne Bay, Florida Keys (mangrove, seagrass, offshore coral reefs) PAT",Half (50%) 14,NA,<1 MFF,1,MFF,Lou et al. (2009)
Mulloidichthys flavolineatus,Mulloidichthys flavolineatus,,home range (day),"Kaneohe Bay, Oahu, Hawai'i (coral patch reef, reef flat) AAT",Range 3,0.0022,,0.052925674,,Holland et al. (1993a)
Mulloidichthys flavolineatus,Mulloidichthys flavolineatus,,home range (day),"Kaneohe Bay, Oahu, Hawai'i (coral patch reef, reef flat) AAT",Mean 3,0.002533,,0.056790103,,Holland et al. (1993a)
Mulloidichthys flavolineatus,Mulloidichthys flavolineatus,,home range (night),"Kaneohe Bay, Oahu, Hawai'i (coral patch reef, reef flat) AAT",Range 3,0.0084,,0.103417659,,Holland et al. (1993a)
Mulloidichthys flavolineatus,Mulloidichthys flavolineatus,,home range (night),"Kaneohe Bay, Oahu, Hawai'i (coral patch reef, reef flat) AAT",Mean 3,0.008267,,0.102595669,,Holland et al. (1993a)
Mulloidichthys flavolineatus,Mulloidichthys flavolineatus,,home range (crepuscular),"Kaneohe Bay, Oahu, Hawai'i (coral patch reef, reef flat) AAT",Range 4,NA,0.075-0.6,0.3375,,Holland et al. (1993a)
Parupeneus cyclostomus,Parupeneus cyclostomus,,home range,"Kealakekua Bay, Hawai'i (fringing reef slope) PAT",Maximum 9,NA,0.8 MFF,0.8,MFF,Meyer et al. (2010a)
Parupeneus porhyreus,Parupeneus porhyreus,,home range (diurnal),"Kaneohe Bay, Oahu, Hawai'i (shallow patch reef, reef flat) AAT, PAT","Range (MCP, GSA) 5",0.0220815,0.2-0.573 MFF,0.3865,MFF,Meyer et al. (2000)
Parupeneus porhyreus,Parupeneus porhyreus,,home range (diurnal),"Kaneohe Bay, Oahu, Hawai'i (shallow patch reef, reef flat) AAT, PAT","Mean (SD) (MCP, GSA) 5",0.0198,0.293 (0.139) MFF,0.293,MFF,Meyer et al. (2000)
Parupeneus trifasciatus,Parupeneus trifasciatus,,home range,"Kealakekua Bay, Hawai'i (fringing reef slope) PAT",Maximum 4,NA,1.1 MFF,1.1,MFF,Meyer et al. (2010a)
Gymnothorax prasinus,Gymnothorax prasinus,,"home range (feeding, daily, seasonal)","Cape Rodney to Okari Point, New Zealand (rocky reef) AAT, PAT",Range (MCP) 5,0.0058935,0.045-0.114 Circle,0.0795,Circle,Bassett & Montgomery (2011)
Centropyge ferrugatus,Centropyge ferrugatus,,home range ,"Okinawa, Japan (coral reef edge) UO",Range (male) 2,0.000078,<0.010 Circle,0.01,Circle,Sakai & Kohda (1995)
Centropyge ferrugatus,Centropyge ferrugatus,,home range ,"Okinawa, Japan (coral reef edge) UO",Means (females) 6,0.00003,<0.006 Circle,0.006,Circle,Sakai & Kohda (1995)
Dascyllus aruanus,Dascyllus aruanus,,"home range, ontogenetic","French Polynesia, Cook Islands and Great Barrier Reef (sheltered lagoons) UO",Maximum NA,NA,<0.005,0.005,,Holbrook et al. (2000)
Stegastes adjusta,Stegastes adjusta,,"home range (foraging, courtship)","Jamaica, West Indies (coral rubble) UO",Approximate 160,NA,>0.016,0.016,,Bartels (1984)
Bolbometopon muricatum,Bolbometopon muricatum,,"home range (sleeping, feeding, resting)","Roviana Lagoon, Solomon Islands (lagoon) AAT",Range 4,NA,0-7.6,3.8,,Hamilton (2004) 
Bolbometopon muricatum,Bolbometopon muricatum,,"home range (sleeping, feeding, resting)","Roviana Lagoon, Solomon Islands (lagoon) AAT",Mean (SD) 4,NA,2.5 (3.43),2.5,,Hamilton (2004) 
Chlorurus frontalis,Chlorurus frontalis,,home range (spawning),Palau (outer barrier reef slope) NA,Maximum NA,NA,>1.5,1.5,,Colin (2012)
Chlorurus microrhinos,Chlorurus microrhinos,,intra%hyphen%reef (home range),New Caledonia (lagoon patch reefs and soft bottom) PAT,Most (85%) 13,NA,<0.6-2 MFF,1.3,MFF,Chateau & Wantiez (2008b)
Chlorurus microrhinos,Chlorurus microrhinos,,home range ,"Orpheus Island, Great Barrier Reef (continuous fringing reef) PAT",Mean (SD) 4,NA,0.22 (0.02),0.22,,Fox (2012)
Chlorurus microrhinos,Chlorurus microrhinos,,home range ,"Orpheus Island, Great Barrier Reef (continuous fringing reef) PAT",Maximum (SD) 4,NA,1.48 (0.50),1.48,,Fox (2012)
Chlorurus microrhinos,Chlorurus microrhinos,,home range (daily),"Orpheus Island, Great Barrier Reef (reef crest and upper reef slope) AAT",Range (KUD95) 7,0.000009,,0.003385138,,Welsh & Bellwood (2011)
Chlorurus microrhinos,Chlorurus microrhinos,,home range (daily),"Orpheus Island, Great Barrier Reef (reef crest and upper reef slope) AAT",Mean (SD) (KUD95) 7,0.000008,,0.003191538,,Welsh & Bellwood (2011)
Chlorurus microrhinos,Chlorurus microrhinos,,home range to sleeping sites,"Orpheus Island, Great Barrier Reef (reef crest and upper reef slope) AAT",Range 7,NA,0-0.0234,0.0117,,Welsh & Bellwood (2011)
Chlorurus microrhinos,Chlorurus microrhinos,,home range to sleeping sites,"Orpheus Island, Great Barrier Reef (reef crest and upper reef slope) AAT",Mean (SD) 7,NA,0.00906 (0.012699),0.00906,,Welsh & Bellwood (2011)
Chlorurus microrhinos,Chlorurus microrhinos,,home range (including sleeping sites),"Orpheus Island, Great Barrier Reef (reef crest and upper reef slope) AAT",Range 7,NA,0.2-0.451 MFF,0.3255,MFF,Welsh & Bellwood (2011)
Chlorurus microrhinos,Chlorurus microrhinos,,home range (including sleeping sites),"Orpheus Island, Great Barrier Reef (reef crest and upper reef slope) AAT",Mean (SD) 7,NA,0.278 (0.089) MFF,0.278,MFF,Welsh & Bellwood (2011)
Chlororus perspecillatus,Chlororus perspecillatus,,home range,"Kealakekua Bay, Hawai'i (fringing reef slope) PAT",Maximum 3,NA,1.2 MFF,1.2,MFF,Meyer et al. (2010a)
Chlorurus sordidus,Chlorurus sordidus,,home range (spawning),Palau (outer barrier reef slope) NA,Maximum NA,NA,0.1-0.2,0.15,,Colin (2012)
Chlororus sordidus,Chlororus sordidus,,home range,"Kealakekua Bay, Hawai'i (fringing reef slope) PAT",Maximum 7,NA,1.2 MFF,1.2,MFF,Meyer et al. (2010a)
Scarus coeruleus,Scarus coeruleus,,home range,Florida Keys (coral reef) PAT,Range 6,NA,0.6->1.1 MPM,0.85,MPM,Lindholm et al. (2006)
Scarus coeruleus,Scarus coeruleus,,home range,Florida Keys (coral reef) PAT,Mean (SD) 6,NA,0.851 (0.223) MPM,0.851,MPM,Lindholm et al. (2006)
Scarus ghobban,Scarus ghobban,,intra%hyphen%reef (home range),New Caledonia (lagoon patch reefs and soft bottom) PAT,Most (85%) 13,NA,"0.6-2 MFF, MPM",1.3,"MFF, MPM",Chateau & Wantiez (2008b)
Scarus ghobban,Scarus ghobban,,"inter%hyphen%reef (home range relocations, excursions)",New Caledonia (lagoon patch reefs and soft bottom) PAT,Some (15%) 13,NA,0.5-6,3.25,,Chateau & Wantiez (2008b)
Scarus prasiognathus,Scarus prasiognathus,,home range (spawning),Palau (outer barrier reef slope) NA,Maximum NA,NA,>1.5,1.5,,Colin (2012)
Scarus rivulatus,Scarus rivulatus,,home range ,"Orpheus Island, Great Barrier Reef (continuous fringing reef) PAT",Mean (SD) 6,NA,0.225 (0.005),0.225,,Fox (2012)
Scarus rivulatus,Scarus rivulatus,,home range ,"Orpheus Island, Great Barrier Reef (continuous fringing reef) PAT",Maximum (SD) 6,NA,0.57 (0.34),0.57,,Fox (2012)
Scarus rivulatus,Scarus rivulatus,,home range (foraging),"Orpheus Island, Great Barrier Reef (fringing coral reef) PAT",Mean (SD) 18,0.024443,0.25 MPM,0.25,MPM,Welsh & Bellwood (2012)
Scarus rubroviolaceous,Scarus rubroviolaceous,,home range,"Kealakekua Bay, Hawai'i (fringing reef slope) PAT",Maximum 12,NA,1.7 MFF,1.7,MFF,Meyer et al. (2010a)
Scarus taeniopterus,Scarus taeniopterus,,home range,Florida Keys (coral reef) PAT,Range 9,NA,0.610-0.897 MPM,0.7535,MPM,Lindholm et al. (2006)
Scarus taeniopterus,Scarus taeniopterus,,home range,Florida Keys (coral reef) PAT,Mean (SD) 9,NA,0.762 (0.126) MPM,0.762,MPM,Lindholm et al. (2006)
Sparisoma viride,Sparisoma viride,,home range,"Martinique, West Indies (coral reef) AAT, TMR",Range (KUD95) 3,0.0222685,0.375-0.28 MFF,0.3275,MFF,Garcia et al. (2011)
Sparisoma viride,Sparisoma viride,,home range,"Martinique, West Indies (coral reef) AAT, TMR",Mean (SD) (KUD95) 3,0.021459,0.569 (0.751) MFF,0.569,MFF,Garcia et al. (2011)
Katsuwonus pelamis,Katsuwonus pelamis,,home range (around fads?),"Comoros Island, West Indian Ocean (pelagic) AAT",Maximum 5,NA,Jun-54,30,,Cayré (1991)
Thunnus albacares,Thunnus albacares,,home range (around fads?),"Comoros Island, West Indian Ocean (pelagic) AAT",Maximum 3,NA,<3-143,73,,Cayré (1991)
Siganus doliatus,Siganus doliatus,,home range ,"Orpheus Island, Great Barrier Reef (continuous fringing reef) PAT",Mean (SD) 10,NA,0.18 (0.010),0.18,,Fox (2012)
Siganus doliatus,Siganus doliatus,,home range ,"Orpheus Island, Great Barrier Reef (continuous fringing reef) PAT",Maximum (SD) 10,NA,1.62 (0.70),1.62,,Fox (2012)
Siganus fuscescens,Siganus fuscescens,,home range (schools),"Bolinao, Philippines (seagrass, coral reef) UO",Maximum 25 schools,NA,2,2,,Bellefleur (1997)
Siganus lineatus,Siganus lineatus,,home range (foraging) ,"Lizard Island, Great Barrier Reef (mangrove, sandy areas, coral reef) AAT",Range (KUD95) 7,0.0315,,0.200267435,,Fox & Bellwood (2011); Fox (2012)
Siganus lineatus,Siganus lineatus,,home range (foraging) ,"Lizard Island, Great Barrier Reef (mangrove, sandy areas, coral reef) AAT",Mean (SD) (KUD95) 7,0.032,0.65 Actual,0.65, Actual,Fox & Bellwood (2011); Fox (2012)
Sphyraena barracuda,Sphyraena barracuda,,home range,"Grand Bahama Bank and Exuma Sound, Bahamas (shallow bank and deeper sound) PAT",Maximum 42,NA,>12,12,,O'Toole et al. (2011)
Hippocampus bargibanti,Hippocampus bargibanti,,home range,"Central Province, Papua New Guinea (gorgonian corals) U0, PI",Maximum 8,NA,Negligible (individual corals),0.01,,Baine et al. (2008)
Hippocampus comes,Hippocampus comes,,home range ,"Bohol, Philippines (reef crest) TMR",Maximum 32,NA,0.022,0.022,,Perante et al. (2002)
Hippocampus reidi,Hippocampus reidi,,home range,"Ilha Grande, Brazil (rocky shore) TMR",Mean (SD) 2,0.000055,0.008 Circle,0.008,Circle,Freret%hyphen%Meurer & Andreata (2008)
Hippocampus reidi,Hippocampus reidi,,home range,NA,Maximum NA,0.000013,0.143,0.143,,Rosa et al. (2002)
Carcharhinus amblyrhynchos,Carcharhinus amblyrhynchos,,home range,"Enewetak, Marshall Islands (atoll) AAT, PAT ",Range (MCP) 31,26.595,0.3-16.0,8.15,,McKibben & Nelson (1986)
Carcharhinus amblyrhynchos,Carcharhinus amblyrhynchos,,home range,"Enewetak, Marshall Islands (atoll) AAT, PAT ",Mean (SD) (MCP) 31,4.2,3.6 (3.95),3.6,,McKibben & Nelson (1986)
Carcharhinus amblyrhynchos Adults and juveniles,Carcharhinus amblyrhynchos , adults and juveniles,home range,"Osprey and Shark Reef, Coral Sea (atolls, outer slope and lagoon) PAT",Range 27,NA,2.2-7.7 MFF,4.95,MFF,Barnett et al. (2012)
Carcharhinus melanopterus Adults and juveniles ,Carcharhinus melanopterus  ,adults and juveniles ,home range,"Magnetic Island, Cleveland Bay, Great Barrier Reef (coastal turbid environments) TMR",Range 33,NA,0.1-3.8,1.95,,Chin et al. (2013b)
Carcharhinus melanopterus Adults and juveniles ,Carcharhinus melanopterus  ,adults and juveniles ,home range,"Magnetic Island, Cleveland Bay, Great Barrier Reef (coastal turbid environments) TMR",Mean (SD) 33,NA,0.8 (9.8),0.8,,Chin et al. (2013b)
Carcharhinus melanopterus Adults and juveniles ,Carcharhinus melanopterus  ,adults and juveniles ,"home range (tidal, daily) ","Palmyra Atoll, Line Islands (lagoons, sand flats over ledges) AAT, PAT",Mean (SD) (KUD95) 14,0.55,1.4 (0.3),1.4,,Papastamatiou et al. (2009)
Carcharhinus perezi,Carcharhinus perezi,,home range,"Glover's Reef Atoll, Belize, Caribbean (atoll) PAT",Range 33,NA,1.25-36.5,18.875,,Bond et al. (2012)
Carcharhinus perezi,Carcharhinus perezi,,home range,"Glover's Reef Atoll, Belize, Caribbean (atoll) PAT",Mean (SD) 33,NA,15.1 (11.37),15.1,,Bond et al. (2012)
Carcharhinus sorrah,Carcharhinus sorrah,,home range,"Cleveland Bay, Great Barrier Reef (patch reefs, seagrass, sand, mud and river mouth) PAT ",Range (KUD95) 20,39.015,,7.048080649,,"Knip et al. (2012a,b)"
Carcharhinus sorrah,Carcharhinus sorrah,,home range,"Cleveland Bay, Great Barrier Reef (patch reefs, seagrass, sand, mud and river mouth) PAT ",Mean (KUD95) 20,39.83,,7.121315262,,"Knip et al. (2012a,b)"
Carcharhinus sorrah,Carcharhinus sorrah,,home range,"Cleveland Bay, Great Barrier Reef (patch reefs, seagrass, sand, mud and river mouth) PAT ",Range (MCP) 6,NA,5-16.6 MFF,10.8,MFF,"Knip et al. (2012a,b)"
Carcharhinus sorrah,Carcharhinus sorrah,,home range,"Cleveland Bay, Great Barrier Reef (patch reefs, seagrass, sand, mud and river mouth) PAT ",Mean (SD) (MCP) 6,NA,9.6 (4.7) MFF,9.6,MFF,"Knip et al. (2012a,b)"
Galeocerdo cuvier,Galeocerdo cuvier,,home range,"Oahu and Penguin Bank, Hawai'i (coast and bank) AAT",Range 8,NA,2-~35,18.5,,Holland et al. (1999
Negaprion brevirostris Adults and juveniles,Negaprion brevirostris ,adults and juveniles,home range,"Bimini, Bahamas (semi%hyphen%enclosed lagoon) AAT",Range (MCP) 9,51,,8.058239062,,Gruber et al. (1988)
Triaenodon obesus,Triaenodon obesus,,home range,"Osprey and Shark Reef, Coral Sea (atolls, outer slopes) PAT",Range 18,NA,2.6-4.7 MFF,3.65,MFF,Barnett et al. (2012)
Triaenodon obesus,Triaenodon obesus,,home range,"Osprey and Shark Reef, Coral Sea (atolls, outer slopes) PAT",Maximum 18,NA,< 5,NA,,Barnett et al. (2012)
Triaenodon obesus,Triaenodon obesus,,home range,Johnston Atoll (atoll) TMR,Range 6,NA,0-2.9,1.45,,Randall (1977)
Triaenodon obesus,Triaenodon obesus,,home range,Johnston Atoll (atoll) TMR,Mean (SD) 6,NA,1.1 (1.3),1.1,,Randall (1977)
Manta alfredi,Manta alfredi,,home range (day/night foraging and cleaning stations),"Hawai'I Island, Hawai'I (coastal) AAT",Range 9,NA,4.9-54.2,29.55,,Clark (2010)
Manta alfredi,Manta alfredi,,home range (day/night foraging and cleaning stations),"Hawai'I Island, Hawai'I (coastal) AAT",Mean (SD) 9,NA,22.0 (14.1),22,,Clark (2010)
Manta alfredi,Manta alfredi,,home range (day/night foraging and cleaning stations),"Hawai'I Island, Hawai'I (coastal) AAT",Range (LoCoH90) 8,29.8,,6.159751491,,Clark (2010)
Manta alfredi,Manta alfredi,,home range,"Maui and Hawai'I Islands, Hawai'I (coastal) PAT",Maximum 31,NA,1.5-36.5,19,,Clark (2010)
Manta birostris,Manta birostris,,home range,"Yucatan Peninsula, Gulf of Mexico (coastal) ST",Maximum 6,NA,116,116,,Graham et al. (2012)
Manta birostris,Manta birostris,,home range,"Komodo, Indonesia (coastal) PAT",Maximum 41,NA,35,35,,Dewar et al. (2008)
Rhinoptera bonasus Adults and juveniles,Rhinoptera bonasus , adults and juveniles,home range,"Pine Island Sound Estuary, Florida (coastal) PAT",Range (KUD95) 21,31.29,,6.311867026,,Collins et al. (2007)
Rhinoptera bonasus Adults and juveniles,Rhinoptera bonasus , adults and juveniles,home range,"Pine Island Sound Estuary, Florida (coastal) PAT",Mean (KUD95) 21,22.6,,5.364253323,,Collins et al. (2007)
Rhinoptera bonasus Adults and juveniles,Rhinoptera bonasus ,adults and juveniles,home range,"Pine Island Sound Estuary, Florida (coastal) PAT",Range 21,NA,0-13 MPM,6.5,MPM,Collins et al. (2007)
Rhinoptera bonasus Adults and juveniles,Rhinoptera bonasus , adults and juveniles,home range,"Pine Island Sound Estuary, Florida (coastal) PAT",Most 21,NA,0-2 MPM,1,MPM,Collins et al. (2007)
Sphyrna lewini,Sphyrna lewini,,home range (diel cyclicity),"Gulf of California (around seamount and island, and offshore) AAT",Maximum 4,NA,20,20,,Klimley (1993)
Sphyrna tiburo,Sphyrna tiburo,,home range,"Pine Island Sound, Florida (estuarine coastal lagoon) PAT",Range (KUD95) 20,37.205,,6.882650453,,Heupel et al. (2006)
Sphyrna tiburo,Sphyrna tiburo,,home range,"Pine Island Sound, Florida (estuarine coastal lagoon) PAT",Mean (KUD95) 20,8.3,,3.250828851,,Heupel et al. (2006)
Sphyrna tiburo,Sphyrna tiburo,,home range,"Pine Island Sound, Florida (estuarine coastal lagoon) PAT",Range 20,NA,0-10.3,5.15,,Heupel et al. (2006)
Sphyrna tiburo,Sphyrna tiburo,,home range,"Pine Island Sound, Florida (estuarine coastal lagoon) PAT",Mean 20,NA,0.3,0.3,,Heupel et al. (2006)